name,real_name,furigana,party,constituency_broad,constituency_narrow,win_count_lower_house,win_count_upper_house,house,portrait_image,
逢沢 一郎,,あいさわ いちろう,自民,岡山,1,10,,衆議院,009.jpg,
青柳 陽一郎,,あおやぎ よういちろう,維新,比例,南関東,2,,衆議院,010.jpg,
青山 周平,,あおやま しゅうへい,自民,比例,東海,2,,衆議院,011.jpg,
赤枝 恒雄,,あかえだ つねお,自民,比例,東京都,2,,衆議院,012.jpg,
赤澤 亮正,,あかざわ りょうせい,自民,鳥取,2,4,,衆議院,013.jpg,
赤羽 一嘉,,あかば かずよし,公明,兵庫,2,7,,衆議院,014.jpg,
あかま 二郎,,あかま じろう,自民,神奈川,14,3,,衆議院,003.jpg,
赤松 広隆,,あかまつ ひろたか,民主,愛知,5,9,,衆議院,015.jpg,
赤嶺 政賢,,あかみね せいけん,共産,沖縄,1,6,,衆議院,016.jpg,
秋葉 賢也,,あきば けんや,自民,宮城,2,5,,衆議院,017.jpg,
秋元 司,,あきもと つかさ,自民,比例,東京都,2,1,衆議院,018.jpg,
秋本 真利,,あきもと まさとし,自民,千葉,9,2,,衆議院,019.jpg,
浅尾 慶一郎,,あさお けいいちろう,無,神奈川,4,3,2,衆議院,020.jpg,
安住 淳,,あずみ じゅん,民主,宮城,5,7,,衆議院,005.jpg,
麻生 太郎,,あそう たろう,自民,福岡,8,12,,衆議院,021.jpg,
足立 康史,,あだち やすし,維新,比例,近畿,2,,衆議院,007.jpg,
穴見 陽一,,あなみ よういち,自民,比例,九州,2,,衆議院,022.jpg,
安倍 晋三,,あべ しんぞう,自民,山口,4,8,,衆議院,006.jpg,
あべ 俊子,,あべ としこ,自民,比例,中国,4,,衆議院,004.jpg,
阿部 知子,,あべ ともこ,民主,比例,南関東,6,,衆議院,008.jpg,
甘利 明,,あまり あきら,自民,神奈川,13,11,,衆議院,023.jpg,
荒井 聰,,あらい さとし,民主,比例,北海道,7,,衆議院,024.jpg,
安藤 裕,,あんどう ひろし,自民,比例,近畿,2,,衆議院,025.jpg,
池内 さおり,,いけうち さおり,共産,比例,東京都,1,,衆議院,042.jpg,
池田 道孝,,いけだ みちたか,自民,比例,中国,2,,衆議院,043.jpg,
池田 佳隆,,いけだ よしたか,自民,比例,東海,2,,衆議院,044.jpg,
伊佐 進一,,いさ しんいち,公明,大阪,6,2,,衆議院,034.jpg,
井坂 信彦,,いさか のぶひこ,維新,兵庫,1,2,,衆議院,026.jpg,
石井 啓一,,いしい けいいち,公明,比例,北関東,8,,衆議院,045.jpg,
石川 昭政,,いしかわ あきまさ,自民,比例,北関東,2,,衆議院,046.jpg,
石崎 徹,,いしざき とおる,自民,新潟,1,2,,衆議院,047.jpg,
石関 貴史,,いしぜき たかし,維新,比例,北関東,4,,衆議院,048.jpg,
石田 祝稔,,いしだ のりとし,公明,比例,四国,7,,衆議院,049.jpg,
石田 真敏,,いしだ まさとし,自民,和歌山,2,6,,衆議院,050.jpg,
石破 茂,,いしば しげる,自民,鳥取,1,10,,衆議院,051.jpg,
石原 伸晃,,いしはら のぶてる,自民,東京,8,9,,衆議院,052.jpg,
石原 宏高,,いしはら ひろたか,自民,東京,3,3,,衆議院,053.jpg,
泉 健太,,いずみ けんた,民主,比例,近畿,5,,衆議院,054.jpg,
井出 庸生,,いで ようせい,維新,長野,3,2,,衆議院,027.jpg,
伊藤 信太郎,,いとう しんたろう,自民,宮城,4,5,,衆議院,037.jpg,
伊藤 忠彦,,いとう ただひこ,自民,愛知,8,3,,衆議院,038.jpg,
伊藤 達也,,いとう たつや,自民,東京,22,7,,衆議院,039.jpg,
伊東 信久,,いとう のぶひさ,維新,比例,近畿,2,,衆議院,035.jpg,
伊東 良孝,,いとう よしたか,自民,北海道,7,3,,衆議院,036.jpg,
伊藤 渉,,いとう わたる,公明,比例,東海,3,,衆議院,040.jpg,
稲田 朋美,,いなだ ともみ,自民,福井,1,4,,衆議院,055.jpg,
稲津 久,,いなつ ひさし,公明,北海道,10,3,,衆議院,056.jpg,
井野 俊郎,,いの としろう,自民,群馬,2,2,,衆議院,028.jpg,
井上 信治,,いのうえ しんじ,自民,東京,25,5,,衆議院,029.jpg,
井上 貴博,,いのうえ たかひろ,自民,福岡,1,2,,衆議院,030.jpg,
井上 英孝,,いのうえ ひでたか,維新,大阪,1,2,,衆議院,031.jpg,
井上 義久,,いのうえ よしひさ,公明,比例,東北,8,,衆議院,032.jpg,
井林 辰憲,,いばやし たつのり,自民,静岡,2,2,,衆議院,033.jpg,
伊吹 文明,,いぶき ぶんめい,自民,京都,1,11,,衆議院,041.jpg,
今井 雅人,,いまい まさと,維新,比例,東海,3,,衆議院,057.jpg,
今枝 宗一郎,,いまえだ そういちろう,自民,愛知,14,2,,衆議院,058.jpg,
今津 寛,,いまず ひろし,自民,比例,北海道,7,,衆議院,059.jpg,
今村 雅弘,,いまむら まさひろ,自民,比例,九州,7,,衆議院,060.jpg,
岩田 和親,,いわた かずちか,自民,比例,九州,2,,衆議院,061.jpg,
岩屋 毅,,いわや たけし,自民,大分,3,7,,衆議院,062.jpg,
上田 勇,,うえだ いさむ,公明,神奈川,6,7,,衆議院,064.jpg,
上西 小百合,,うえにし さゆり,無,比例,近畿,2,,衆議院,065.jpg,
うえの賢一郎,,うえの けんいちろう,自民,滋賀,2,3,,衆議院,063.jpg,
浮島 智子,,うきしま ともこ,公明,比例,近畿,2,1,衆議院,066.jpg,
梅村 さえこ,,うめむら さえこ,共産,比例,北関東,1,,衆議院,067.jpg,
浦野 靖人,,うらの やすと,維新,比例,近畿,2,,衆議院,068.jpg,
漆原 良夫,,うるしばら よしお,公明,比例,北陸信越,7,,衆議院,069.jpg,
江崎 鐵磨,,えさき てつま,自民,愛知,10,6,,衆議院,070.jpg,
江田 憲司,,えだ けんじ,維新,神奈川,8,5,,衆議院,071.jpg,
江田 康幸,,えだ やすゆき,公明,比例,九州,6,,衆議院,072.jpg,
枝野 幸男,,えだの ゆきお,民主,埼玉,5,8,,衆議院,076.jpg,
江渡 聡徳,,えと あきのり,自民,青森,2,6,,衆議院,073.jpg,
衛藤 征士郎,,えとう せいしろう,自民,大分,2,11,1,衆議院,075.jpg,
江藤 拓,,えとう たく,自民,宮崎,2,5,,衆議院,074.jpg,
遠藤 敬,,えんどう たかし,維新,大阪,18,2,,衆議院,077.jpg,
遠藤 利明,,えんどう としあき,自民,山形,1,7,,衆議院,078.jpg,
大岡 敏孝,,おおおか としたか,自民,滋賀,1,2,,衆議院,092.jpg,
大串 博志,,おおぐし ひろし,民主,比例,九州,4,,衆議院,093.jpg,
大串 正樹,,おおぐし まさき,自民,兵庫,6,2,,衆議院,094.jpg,
大口 善徳,,おおぐち よしのり,公明,比例,東海,7,,衆議院,095.jpg,
大隈 和英,,おおくま かずひで,自民,比例,近畿,1,,衆議院,096.jpg,
逢坂 誠二,,おおさか せいじ,民主,北海道,8,3,,衆議院,110.jpg,
大島 敦,,おおしま あつし,民主,埼玉,6,6,,衆議院,097.jpg,
大島 理森,,おおしま ただもり,無,青森,3,11,,衆議院,098.jpg,
太田 昭宏,,おおた あきひろ,公明,東京,12,7,,衆議院,108.jpg,
太田 和美,,おおた かずみ,維新,比例,南関東,3,,衆議院,109.jpg,
大塚 高司,,おおつか たかし,自民,大阪,8,3,,衆議院,099.jpg,
大塚 拓,,おおつか たく,自民,埼玉,9,3,,衆議院,100.jpg,
大西 健介,,おおにし けんすけ,民主,愛知,13,3,,衆議院,101.jpg,
大西 英男,,おおにし ひでお,自民,東京,16,2,,衆議院,102.jpg,
大西 宏幸,,おおにし ひろゆき,自民,比例,近畿,1,,衆議院,103.jpg,
大野 敬太郎,,おおの けいたろう,自民,香川,3,2,,衆議院,104.jpg,
大畠 章宏,,おおはた あきひろ,民主,茨城,5,9,,衆議院,105.jpg,
大平 喜信,,おおひら よしのぶ,共産,比例,中国,1,,衆議院,106.jpg,
大見 正,,おおみ せい,自民,比例,東海,2,,衆議院,107.jpg,
岡下 昌平,,おかした しょうへい,自民,比例,近畿,1,,衆議院,111.jpg,
岡田 克也,,おかだ かつや,民主,三重,3,9,,衆議院,112.jpg,
緒方 林太郎,,おがた りんたろう,民主,比例,九州,2,,衆議院,091.jpg,
岡本 三成,,おかもと みつなり,公明,比例,北関東,2,,衆議院,113.jpg,
岡本 充功,,おかもと みつのり,民主,比例,東海,4,,衆議院,114.jpg,
小川 淳也,,おがわ じゅんや,民主,比例,四国,4,,衆議院,079.jpg,
奥野 信亮,,おくの しんすけ,自民,奈良,3,4,,衆議院,115.jpg,
奥野 総一郎,,おくの そういちろう,民主,比例,南関東,3,,衆議院,116.jpg,
小熊 慎司,,おぐま しんじ,維新,福島,4,2,1,衆議院,080.jpg,
小倉 將信,,おぐら まさのぶ,自民,東京,23,2,,衆議院,081.jpg,
小此木 八郎,,おこのぎ はちろう,自民,神奈川,3,7,,衆議院,082.jpg,
小里 泰弘,,おざと やすひろ,自民,鹿児島,4,4,,衆議院,083.jpg,
小沢 一郎,,おざわ いちろう,生活,岩手,4,16,,衆議院,084.jpg,
小沢 鋭仁,,おざわ さきひと,維新,比例,近畿,8,,衆議院,085.jpg,
小田原 潔,,おだわら きよし,自民,東京,21,2,,衆議院,086.jpg,
越智 隆雄,,おち たかお,自民,東京,6,3,,衆議院,090.jpg,
落合 貴之,,おちあい たかゆき,維新,比例,東京都,1,,衆議院,117.jpg,
鬼木 誠,,おにき まこと,自民,福岡,2,2,,衆議院,118.jpg,
小野寺 五典,,おのでら いつのり,自民,宮城,6,6,,衆議院,087.jpg,
小渕 優子,,おぶち ゆうこ,自民,群馬,5,6,,衆議院,088.jpg,
尾身 朝子,,おみ あさこ,自民,比例,北関東,1,,衆議院,089.jpg,
柿沢 未途,,かきざわ みと,維新,東京,15,3,,衆議院,122.jpg,
笠井 亮,,かさい あきら,共産,比例,東京都,4,1,衆議院,123.jpg,
梶山 弘志,,かじやま ひろし,自民,茨城,4,6,,衆議院,124.jpg,
勝沼 栄明,,かつぬま しげあき,自民,比例,東北,2,,衆議院,125.jpg,
勝俣 孝明,,かつまた たかあき,自民,比例,東海,2,,衆議院,126.jpg,
門 博文,,かど ひろふみ,自民,比例,近畿,2,,衆議院,127.jpg,
加藤 鮎子,,かとう あゆこ,自民,山形,3,1,,衆議院,119.jpg,
加藤 勝信,,かとう かつのぶ,自民,岡山,5,5,,衆議院,120.jpg,
加藤 寛治,,かとう かんじ,自民,長崎,2,2,,衆議院,121.jpg,
門山 宏哲,,かどやま ひろあき,自民,比例,南関東,2,,衆議院,128.jpg,
金子 恵美,,かねこ えみ,民主,比例,東北,1,1,衆議院,129.jpg,
金子 一義,,かねこ かずよし,自民,岐阜,4,10,,衆議院,130.jpg,
金子 万寿夫,,かねこ ますお,自民,鹿児島,2,2,,衆議院,131.jpg,
金子 めぐみ,,かねこ めぐみ,自民,新潟,4,2,,衆議院,132.jpg,
金子 恭之,,かねこ やすし,自民,熊本,5,6,,衆議院,133.jpg,
金田 勝年,,かねだ かつとし,自民,秋田,2,3,2,衆議院,134.jpg,
上川 陽子,,かみかわ ようこ,自民,静岡,1,5,,衆議院,135.jpg,
神谷 昇,,かみたに のぼる,自民,比例,近畿,1,,衆議院,136.jpg,
神山 佐市,,かみやま さいち,自民,埼玉,7,2,,衆議院,137.jpg,
神山 洋介,,かみやま ようすけ,民主,比例,南関東,2,,衆議院,138.jpg,
亀井 静香,,かめい しずか,無,広島,6,13,,衆議院,139.jpg,
亀岡 偉民,,かめおか よしたみ,自民,福島,1,3,,衆議院,140.jpg,
鴨下 一郎,,かもした いちろう,自民,東京,13,8,,衆議院,141.jpg,
河井 克行,,かわい かつゆき,自民,広島,3,6,,衆議院,143.jpg,
川崎 二郎,,かわさき じろう,自民,三重,1,11,,衆議院,142.jpg,
河野 正美,,かわの まさみ,維新,比例,九州,2,,衆議院,144.jpg,
川端 達夫,,かわばた たつお,無,比例,近畿,10,,衆議院,002.jpg,
河村 建夫,,かわむら たけお,自民,山口,3,9,,衆議院,145.jpg,
菅 直人,,かん なおと,民主,比例,東京都,12,,衆議院,147.jpg,
菅家 一郎,,かんけ いちろう,自民,比例,東北,2,,衆議院,148.jpg,
神田 憲次,,かんだ けんじ,自民,比例,東海,2,,衆議院,146.jpg,
木内 孝胤,,きうち たかたね,維新,比例,東京都,2,,衆議院,149.jpg,
木内 均,,きうち ひとし,自民,比例,北陸信越,2,,衆議院,150.jpg,
城内 実,,きうち みのる,自民,静岡,7,4,,衆議院,157.jpg,
黄川田 徹,,きかわだ とおる,民主,岩手,3,6,,衆議院,158.jpg,
黄川田 仁志,,きかわだ ひとし,自民,埼玉,3,2,,衆議院,159.jpg,
菊田 真紀子,,きくた まきこ,民主,比例,北陸信越,5,,衆議院,160.jpg,
岸 信夫,,きし のぶお,自民,山口,2,2,2,衆議院,161.jpg,
岸田 文雄,,きしだ ふみお,自民,広島,1,8,,衆議院,162.jpg,
岸本 周平,,きしもと しゅうへい,民主,和歌山,1,3,,衆議院,163.jpg,
北側 一雄,,きたがわ かずお,公明,大阪,16,8,,衆議院,165.jpg,
北川 知克,,きたがわ ともかつ,自民,大阪,12,5,,衆議院,164.jpg,
北村 茂男,,きたむら しげお,自民,石川,3,4,,衆議院,166.jpg,
北村 誠吾,,きたむら せいご,自民,長崎,4,6,,衆議院,167.jpg,
木下 智彦,,きのした ともひこ,維新,比例,近畿,2,,衆議院,151.jpg,
木原 誠二,,きはら せいじ,自民,東京,20,3,,衆議院,152.jpg,
木原 稔,,きはら みのる,自民,熊本,1,3,,衆議院,153.jpg,
木村 太郎,,きむら たろう,自民,青森,4,7,,衆議院,154.jpg,
木村 弥生,,きむら やよい,自民,比例,北関東,1,,衆議院,155.jpg,
吉良 州司,,きら しゅうじ,民主,大分,1,4,,衆議院,156.jpg,
工藤 彰三,,くどう しょうぞう,自民,愛知,4,2,,衆議院,168.jpg,
國重 徹,,くにしげ とおる,公明,大阪,5,2,,衆議院,169.jpg,
熊田 裕通,,くまだ ひろみち,自民,愛知,1,2,,衆議院,170.jpg,
黒岩 宇洋,,くろいわ たかひろ,民主,新潟,3,2,1,衆議院,171.jpg,
玄葉 光一郎,,げんば こういちろう,民主,福島,3,8,,衆議院,172.jpg,
小池 百合子,,こいけ ゆりこ,自民,東京,10,8,1,衆議院,173.jpg,
小泉 進次郎,,こいずみ しんじろう,自民,神奈川,11,3,,衆議院,174.jpg,
小泉 龍司,,こいずみ りゅうじ,無,埼玉,11,5,,衆議院,175.jpg,
河野 太郎,,こうの たろう,自民,神奈川,15,7,,衆議院,186.jpg,
高村 正彦,,こうむら まさひこ,自民,山口,1,12,,衆議院,187.jpg,
郡 和子,,こおり かずこ,民主,比例,東北,4,,衆議院,188.jpg,
古賀 篤,,こが あつし,自民,福岡,3,2,,衆議院,182.jpg,
穀田 恵二,,こくた けいじ,共産,比例,近畿,8,,衆議院,190.jpg,
國場 幸之助,,こくば こうのすけ,自民,比例,九州,2,,衆議院,189.jpg,
小島 敏文,,こじま としふみ,自民,比例,中国,2,,衆議院,176.jpg,
輿水 恵一,,こしみず けいいち,公明,比例,北関東,2,,衆議院,191.jpg,
後藤 茂之,,ごとう しげゆき,自民,長野,4,5,,衆議院,183.jpg,
後藤 祐一,,ごとう ゆういち,民主,神奈川,16,3,,衆議院,184.jpg,
後藤田 正純,,ごとうだ まさずみ,自民,徳島,1,6,,衆議院,185.jpg,
小林 鷹之,,こばやし たかゆき,自民,千葉,2,2,,衆議院,177.jpg,
小林 史明,,こばやし ふみあき,自民,広島,7,2,,衆議院,178.jpg,
小松 裕,,こまつ ゆたか,自民,比例,北陸信越,2,,衆議院,179.jpg,
小宮山 泰子,,こみやま やすこ,民主,比例,北関東,5,,衆議院,180.jpg,
小山 展弘,,こやま のぶひろ,民主,比例,東海,2,,衆議院,181.jpg,
近藤 昭一,,こんどう しょういち,民主,愛知,3,7,,衆議院,193.jpg,
近藤 洋介,,こんどう ようすけ,民主,比例,東北,5,,衆議院,194.jpg,
今野 智博,,こんの ともひろ,自民,比例,北関東,2,,衆議院,192.jpg,
斉藤 和子,,さいとう かずこ,共産,比例,南関東,1,,衆議院,203.jpg,
齋藤 健,,さいとう けん,自民,千葉,7,3,,衆議院,205.jpg,
斉藤 鉄夫,,さいとう てつお,公明,比例,中国,8,,衆議院,204.jpg,
斎藤 洋明,,さいとう ひろあき,自民,比例,北陸信越,2,,衆議院,206.jpg,
坂井 学,,さかい まなぶ,自民,神奈川,5,3,,衆議院,207.jpg,
坂本 哲志,,さかもと てつし,自民,熊本,3,5,,衆議院,208.jpg,
坂本 祐之輔,,さかもと ゆうのすけ,維新,比例,北関東,2,,衆議院,209.jpg,
櫻田 義孝,,さくらだ よしたか,自民,千葉,8,6,,衆議院,210.jpg,
笹川 博義,,ささがわ ひろよし,自民,群馬,3,2,,衆議院,211.jpg,
佐々木 隆博,,ささき たかひろ,民主,北海道,6,3,,衆議院,196.jpg,
佐々木 紀,,ささき はじめ,自民,石川,2,2,,衆議院,197.jpg,
佐田 玄一郎,,さた げんいちろう,自民,群馬,1,9,,衆議院,198.jpg,
左藤 章,,さとう あきら,自民,大阪,2,4,,衆議院,195.jpg,
佐藤 茂樹,,さとう しげき,公明,大阪,3,8,,衆議院,199.jpg,
佐藤 勉,,さとう つとむ,自民,栃木,4,7,,衆議院,200.jpg,
佐藤 英道,,さとう ひでみち,公明,比例,北海道,2,,衆議院,201.jpg,
佐藤 ゆかり,,さとう ゆかり,自民,大阪,11,2,1,衆議院,202.jpg,
志位 和夫,,しい かずお,共産,比例,南関東,8,,衆議院,212.jpg,
椎木 保,,しいき たもつ,維新,比例,近畿,2,,衆議院,501.jpg,
塩川 鉄也,,しおかわ てつや,共産,比例,北関東,6,,衆議院,214.jpg,
塩崎 恭久,,しおざき やすひさ,自民,愛媛,1,7,1,衆議院,215.jpg,
塩谷 立,,しおのや りゅう,自民,静岡,8,8,,衆議院,216.jpg,
重徳 和彦,,しげとく かずひこ,維新,愛知,12,2,,衆議院,217.jpg,
階 猛,,しな たけし,民主,岩手,1,4,,衆議院,218.jpg,
篠原 豪,,しのはら ごう,維新,比例,南関東,1,,衆議院,219.jpg,
篠原 孝,,しのはら たかし,民主,長野,1,5,,衆議院,220.jpg,
柴山 昌彦,,しばやま まさひこ,自民,埼玉,8,5,,衆議院,221.jpg,
島田 佳和,,しまだ よしかず,自民,比例,東海,2,,衆議院,222.jpg,
島津 幸広,,しまづ ゆきひろ,共産,比例,東海,1,,衆議院,223.jpg,
清水 忠史,,しみず ただし,共産,比例,近畿,1,,衆議院,213.jpg,
下地 幹郎,,しもじ みきお,維新,比例,九州,5,,衆議院,224.jpg,
下村 博文,,しもむら はくぶん,自民,東京,11,7,,衆議院,225.jpg,
白石 徹,,しらいし とおる,自民,愛媛,3,2,,衆議院,226.jpg,
白須賀 貴樹,,しらすか たかき,自民,千葉,13,2,,衆議院,227.jpg,
新谷 正義,,しんたに まさよし,自民,比例,中国,2,,衆議院,228.jpg,
新藤 義孝,,しんどう よしたか,自民,埼玉,2,6,,衆議院,229.jpg,
菅 義偉,,すが よしひで,自民,神奈川,2,7,,衆議院,230.jpg,
菅原 一秀,,すがわら いっしゅう,自民,東京,9,5,,衆議院,231.jpg,
助田 重義,,すけだ しげよし,自民,比例,北陸信越,2,,衆議院,232.jpg,
鈴木 克昌,,すずき かつまさ,民主,比例,東海,5,,衆議院,233.jpg,
鈴木 馨祐,,すずき けいすけ,自民,神奈川,7,3,,衆議院,234.jpg,
鈴木 俊一,,すずき しゅんいち,自民,岩手,2,8,,衆議院,235.jpg,
鈴木 淳司,,すずき じゅんじ,自民,比例,東海,4,,衆議院,236.jpg,
鈴木 貴子,,すずき たかこ,民主,比例,北海道,2,,衆議院,237.jpg,
鈴木 憲和,,すずき のりかず,自民,山形,2,2,,衆議院,238.jpg,
鈴木 隼人,,すずき はやと,自民,比例,東京都,1,,衆議院,239.jpg,
鈴木 義弘,,すずき よしひろ,維新,比例,北関東,2,,衆議院,240.jpg,
関 芳弘,,せき よしひろ,自民,兵庫,3,3,,衆議院,242.jpg,
瀬戸 隆一,,せと たかかず,自民,比例,四国,2,,衆議院,241.jpg,
薗浦 健太郎,,そのうら けんたろう,自民,千葉,5,3,,衆議院,244.jpg,
園田 博之,,そのだ ひろゆき,自民,熊本,4,10,,衆議院,243.jpg,
平 将明,,たいら まさあき,自民,東京,4,4,,衆議院,255.jpg,
高井 崇志,,たかい たかし,維新,比例,中国,2,,衆議院,256.jpg,
高市 早苗,,たかいち さなえ,自民,奈良,2,7,,衆議院,257.jpg,
高木 毅,,たかぎ つよし,自民,福井,2,6,,衆議院,258.jpg,
高木 宏壽,,たかぎ ひろひさ,自民,北海道,3,2,,衆議院,259.jpg,
高木 美智代,,たかぎ みちよ,公明,比例,東京都,5,,衆議院,260.jpg,
高木 陽介,,たかぎ ようすけ,公明,比例,東京都,7,,衆議院,261.jpg,
高木 義明,,たかき よしあき,民主,比例,九州,9,,衆議院,262.jpg,
高鳥 修一,,たかとり しゅういち,自民,新潟,6,3,,衆議院,263.jpg,
高橋 千鶴子,,たかはし ちづこ,共産,比例,東北,5,,衆議院,264.jpg,
高橋 ひなこ,,たかはし ひなこ,自民,比例,東北,2,,衆議院,265.jpg,
武井 俊輔,,たけい しゅんすけ,自民,宮崎,1,2,,衆議院,269.jpg,
竹内 譲,,たけうち ゆずる,公明,比例,近畿,4,,衆議院,266.jpg,
竹下 亘,,たけした わたる,自民,島根,2,6,,衆議院,267.jpg,
武田 良太,,たけだ りょうた,自民,福岡,11,5,,衆議院,270.jpg,
武部 新,,たけべ あらた,自民,北海道,12,2,,衆議院,271.jpg,
武正 公一,,たけまさ こういち,民主,比例,北関東,6,,衆議院,272.jpg,
武村 展英,,たけむら のぶひで,自民,滋賀,3,2,,衆議院,273.jpg,
竹本 直一,,たけもと なおかず,自民,大阪,15,7,,衆議院,268.jpg,
田島 一成,,たじま いっせい,民主,比例,近畿,4,,衆議院,245.jpg,
田嶋 要,,たじま かなめ,民主,千葉,1,5,,衆議院,246.jpg,
橘 慶一郎,,たちばな けいいちろう,自民,富山,3,3,,衆議院,274.jpg,
田所 嘉徳,,たどころ よしのり,自民,茨城,1,2,,衆議院,247.jpg,
田中 和徳,,たなか かずのり,自民,神奈川,10,7,,衆議院,248.jpg,
田中 英之,,たなか ひでゆき,自民,京都,4,2,,衆議院,249.jpg,
田中 良生,,たなか りょうせい,自民,埼玉,15,3,,衆議院,250.jpg,
棚橋 泰文,,たなはし やすふみ,自民,岐阜,2,7,,衆議院,275.jpg,
谷 公一,,たに こういち,自民,兵庫,5,5,,衆議院,276.jpg,
谷垣 禎一,,たにがき さだかず,自民,京都,5,12,,衆議院,277.jpg,
谷川 とむ,,たにがわ とむ,自民,比例,近畿,1,,衆議院,278.jpg,
谷川 弥一,,たにがわ やいち,自民,長崎,3,5,,衆議院,279.jpg,
谷畑 孝,,たにはた たかし,維新,大阪,14,7,1,衆議院,280.jpg,
田野瀬 太道,,たのせ たいどう,自民,奈良,4,2,,衆議院,251.jpg,
田畑 裕明,,たばた ひろあき,自民,富山,1,2,,衆議院,252.jpg,
玉城 デニー,,たまき でにー,生活,沖縄,3,3,,衆議院,282.jpg,
玉木 雄一郎,,たまき ゆういちろう,民主,香川,2,3,,衆議院,281.jpg,
田村 貴昭,,たむら たかあき,共産,比例,九州,1,,衆議院,253.jpg,
田村 憲久,,たむら のりひさ,自民,三重,4,7,,衆議院,254.jpg,
辻 清人,,つじ きよと,自民,東京,2,2,,衆議院,285.jpg,
津島 淳,,つしま じゅん,自民,青森,1,2,,衆議院,283.jpg,
辻元 清美,,つじもと きよみ,民主,大阪,10,6,,衆議院,286.jpg,
土屋 品子,,つちや しなこ,自民,埼玉,13,6,,衆議院,287.jpg,
土屋 正忠,,つちや まさただ,自民,東京,18,3,,衆議院,288.jpg,
角田 秀穂,,つのだ ひでお,公明,比例,南関東,1,,衆議院,289.jpg,
津村 啓介,,つむら けいすけ,民主,比例,中国,5,,衆議院,284.jpg,
寺田 学,,てらた まなぶ,民主,比例,東北,4,,衆議院,290.jpg,
寺田 稔,,てらだ みのる,自民,広島,5,4,,衆議院,291.jpg,
照屋 寛徳,,てるや かんとく,社民,沖縄,2,5,1,衆議院,292.jpg,
土井 亨,,どい とおる,自民,宮城,1,3,,衆議院,294.jpg,
遠山 清彦,,とおやま きよひこ,公明,比例,九州,3,2,衆議院,297.jpg,
渡海 紀三朗,,とかい きさぶろう,自民,兵庫,10,8,,衆議院,296.jpg,
冨樫 博之,,とがし ひろゆき,自民,秋田,1,2,,衆議院,295.jpg,
とかしきなおみ,,とかしき なおみ,自民,大阪,7,3,,衆議院,293.jpg,
冨岡 勉,,とみおか つとむ,自民,長崎,1,3,,衆議院,298.jpg,
富田 茂之,,とみた しげゆき,公明,比例,南関東,7,,衆議院,299.jpg,
豊田 真由子,,とよた まゆこ,自民,埼玉,4,2,,衆議院,300.jpg,
長尾 敬,,ながお たかし,自民,比例,近畿,2,,衆議院,317.jpg,
永岡 桂子,,ながおか けいこ,自民,比例,北関東,4,,衆議院,316.jpg,
中川 俊直,,なかがわ としなお,自民,広島,4,2,,衆議院,301.jpg,
中川 正春,,なかがわ まさはる,民主,三重,2,7,,衆議院,302.jpg,
中川 康洋,,なかがわ やすひろ,公明,比例,東海,1,,衆議院,303.jpg,
中川 郁子,,なかがわ ゆうこ,自民,北海道,11,2,,衆議院,304.jpg,
長坂 康正,,ながさか やすまさ,自民,愛知,9,2,,衆議院,318.jpg,
長崎 幸太郎,,ながさき こうたろう,無,山梨,2,3,,衆議院,319.jpg,
仲里 利信,,なかざと としのぶ,無,沖縄,4,1,,衆議院,315.jpg,
長島 昭久,,ながしま あきひさ,民主,比例,東京都,5,,衆議院,320.jpg,
中島 克仁,,なかじま かつひと,民主,山梨,1,2,,衆議院,305.jpg,
長島 忠美,,ながしま ただよし,自民,新潟,5,4,,衆議院,321.jpg,
中谷 元,,なかたに げん,自民,高知,1,9,,衆議院,306.jpg,
中谷 真一,,なかたに しんいち,自民,比例,南関東,2,,衆議院,307.jpg,
長妻 昭,,ながつま あきら,民主,東京,7,6,,衆議院,322.jpg,
中根 一幸,,なかね かずゆき,自民,比例,北関東,3,,衆議院,308.jpg,
中根 康浩,,なかね やすひろ,民主,比例,東海,4,,衆議院,309.jpg,
中野 洋昌,,なかの ひろまさ,公明,兵庫,8,2,,衆議院,310.jpg,
中村 喜四郎,,なかむら きしろう,無,茨城,7,13,,衆議院,311.jpg,
中村 裕之,,なかむら ひろゆき,自民,北海道,4,2,,衆議院,312.jpg,
中山 展宏,,なかやま のりひろ,自民,比例,南関東,2,,衆議院,313.jpg,
中山 泰秀,,なかやま やすひで,自民,大阪,4,4,,衆議院,314.jpg,
二階 俊博,,にかい としひろ,自民,和歌山,3,11,,衆議院,323.jpg,
西川 公也,,にしかわ こうや,自民,比例,北関東,6,,衆議院,326.jpg,
西村 明宏,,にしむら あきひろ,自民,宮城,3,4,,衆議院,327.jpg,
西村 智奈美,,にしむら ちなみ,民主,比例,北陸信越,4,,衆議院,328.jpg,
西村 康稔,,にしむら やすとし,自民,兵庫,9,5,,衆議院,329.jpg,
西銘 恒三郎,,にしめ こうさぶろう,自民,比例,九州,4,,衆議院,330.jpg,
丹羽 秀樹,,にわ ひでき,自民,愛知,6,4,,衆議院,324.jpg,
丹羽 雄哉,,にわ ゆうや,自民,茨城,6,12,,衆議院,325.jpg,
額賀 福志郎,,ぬかが ふくしろう,自民,茨城,2,11,,衆議院,331.jpg,
根本 匠,,ねもと たくみ,自民,福島,2,7,,衆議院,332.jpg,
根本 幸典,,ねもと ゆきのり,自民,愛知,15,2,,衆議院,333.jpg,
野田 聖子,,のだ せいこ,自民,岐阜,1,8,,衆議院,334.jpg,
野田 毅,,のだ たけし,自民,熊本,2,15,,衆議院,335.jpg,
野田 佳彦,,のだ よしひこ,民主,千葉,4,7,,衆議院,336.jpg,
野中 厚,,のなか あつし,自民,埼玉,12,2,,衆議院,337.jpg,
野間 健,,のま たけし,無,鹿児島,3,2,,衆議院,338.jpg,
萩生田 光一,,はぎうだ こういち,自民,東京,24,4,,衆議院,341.jpg,
橋本 岳,,はしもと がく,自民,岡山,4,3,,衆議院,342.jpg,
橋本 英教,,はしもと ひでのり,自民,比例,東北,2,,衆議院,343.jpg,
馳 浩,,はせ ひろし,自民,石川,1,6,1,衆議院,344.jpg,
畑野 君枝,,はたの きみえ,共産,比例,南関東,1,1,衆議院,345.jpg,
畠山 和也,,はたやま かずや,共産,比例,北海道,1,,衆議院,346.jpg,
初鹿 明博,,はつしか あきひろ,維新,比例,東京都,2,,衆議院,347.jpg,
鳩山 邦夫,,はとやま くにお,自民,福岡,6,13,,衆議院,348.jpg,
葉梨 康弘,,はなし やすひろ,自民,茨城,3,4,,衆議院,339.jpg,
馬場 伸幸,,ばば のぶゆき,維新,大阪,17,2,,衆議院,340.jpg,
浜田 靖一,,はまだ やすかず,自民,千葉,12,8,,衆議院,349.jpg,
浜地 雅一,,はまち まさかず,公明,比例,九州,2,,衆議院,350.jpg,
濱村 進,,はまむら すすむ,公明,比例,近畿,2,,衆議院,351.jpg,
林 幹雄,,はやし もとお,自民,千葉,10,8,,衆議院,352.jpg,
原口 一博,,はらぐち かずひろ,民主,佐賀,1,7,,衆議院,353.jpg,
原田 憲治,,はらだ けんじ,自民,大阪,9,3,,衆議院,354.jpg,
原田 義昭,,はらだ よしあき,自民,福岡,5,7,,衆議院,355.jpg,
伴野 豊,,ばんの ゆたか,民主,比例,東海,5,,衆議院,356.jpg,
比嘉 奈津美,,ひが なつみ,自民,比例,九州,2,,衆議院,357.jpg,
樋口 尚也,,ひぐち なおや,公明,比例,近畿,2,,衆議院,358.jpg,
平井 たくや,,ひらい たくや,自民,香川,1,6,,衆議院,359.jpg,
平口 洋,,ひらぐち ひろし,自民,広島,2,3,,衆議院,360.jpg,
平沢 勝栄,,ひらさわ かつえい,自民,東京,17,7,,衆議院,361.jpg,
平沼 赳夫,,ひらぬま たけお,自民,岡山,3,12,,衆議院,362.jpg,
平野 博文,,ひらの ひろふみ,民主,比例,近畿,6,,衆議院,363.jpg,
福井 照,,ふくい てる,自民,比例,四国,6,,衆議院,365.jpg,
福島 伸享,,ふくしま のぶゆき,民主,比例,北関東,2,,衆議院,366.jpg,
福田 昭夫,,ふくだ あきお,民主,栃木,2,4,,衆議院,367.jpg,
福田 達夫,,ふくだ たつお,自民,群馬,4,2,,衆議院,368.jpg,
ふくだ 峰之,,ふくだ みねゆき,自民,比例,南関東,3,,衆議院,364.jpg,
福山 守,,ふくやま まもる,自民,比例,四国,2,,衆議院,369.jpg,
藤井 比早之,,ふじい ひさゆき,自民,兵庫,4,2,,衆議院,370.jpg,
藤野 保史,,ふじの やすふみ,共産,比例,北陸信越,1,,衆議院,371.jpg,
藤丸 敏,,ふじまる さとし,自民,福岡,7,2,,衆議院,372.jpg,
藤原 崇,,ふじわら たかし,自民,比例,東北,2,,衆議院,373.jpg,
船田 元,,ふなだ はじめ,自民,栃木,1,11,,衆議院,374.jpg,
古川 元久,,ふるかわ もとひさ,民主,愛知,2,7,,衆議院,375.jpg,
古川 康,,ふるかわ やすし,自民,佐賀,2,1,,衆議院,376.jpg,
古川 禎久,,ふるかわ よしひさ,自民,宮崎,3,5,,衆議院,377.jpg,
古田 圭一,,ふるた けいいち,自民,比例,中国,1,,衆議院,378.jpg,
古本 伸一郎,,ふるもと しんいちろう,民主,愛知,11,5,,衆議院,379.jpg,
古屋 圭司,,ふるや けいじ,自民,岐阜,5,9,,衆議院,380.jpg,
古屋 範子,,ふるや のりこ,公明,比例,南関東,5,,衆議院,381.jpg,
星野 剛士,,ほしの つよし,自民,神奈川,12,2,,衆議院,382.jpg,
細田 健一,,ほそだ けんいち,自民,新潟,2,2,,衆議院,383.jpg,
細田 博之,,ほそだ ひろゆき,自民,島根,1,9,,衆議院,384.jpg,
細野 豪志,,ほその ごうし,民主,静岡,5,6,,衆議院,385.jpg,
堀井 学,,ほりい まなぶ,自民,北海道,9,2,,衆議院,386.jpg,
堀内 照文,,ほりうち てるふみ,共産,比例,近畿,1,,衆議院,387.jpg,
堀内 詔子,,ほりうち のりこ,自民,比例,南関東,2,,衆議院,388.jpg,
前川 恵,,まえかわ めぐみ,自民,比例,東京都,1,,衆議院,392.jpg,
前田 一男,,まえだ かずお,自民,比例,北海道,2,,衆議院,393.jpg,
前原 誠司,,まえはら せいじ,民主,京都,2,8,,衆議院,394.jpg,
牧 義夫,,まき よしお,維新,比例,東海,5,,衆議院,395.jpg,
牧島 かれん,,まきしま かれん,自民,神奈川,17,2,,衆議院,396.jpg,
牧原 秀樹,,まきはら ひでき,自民,比例,北関東,3,,衆議院,397.jpg,
真島 省三,,まじま しょうぞう,共産,比例,九州,1,,衆議院,389.jpg,
升田 世喜男,,ますた せきお,維新,比例,東北,1,,衆議院,398.jpg,
桝屋 敬悟,,ますや けいご,公明,比例,中国,7,,衆議院,399.jpg,
松木けんこう,,まつき けんこう,維新,比例,北海道,4,,衆議院,400.jpg,
松島 みどり,,まつしま みどり,自民,東京,14,5,,衆議院,401.jpg,
松田 直久,,まつだ なおひさ,維新,比例,東海,1,,衆議院,402.jpg,
松浪 健太,,まつなみ けんた,維新,比例,近畿,5,,衆議院,403.jpg,
松野 博一,,まつの ひろかず,自民,千葉,3,6,,衆議院,404.jpg,
松野 頼久,,まつの よりひさ,維新,比例,九州,6,,衆議院,405.jpg,
松原 仁,,まつばら じん,民主,比例,東京都,6,,衆議院,406.jpg,
松本 純,,まつもと じゅん,自民,神奈川,1,6,,衆議院,407.jpg,
松本 剛明,,まつもと たけあき,無,兵庫,11,6,,衆議院,408.jpg,
松本 文明,,まつもと ふみあき,自民,比例,東京都,3,,衆議院,409.jpg,
松本 洋平,,まつもと ようへい,自民,東京,19,3,,衆議院,410.jpg,
馬淵 澄夫,,まぶち すみお,民主,奈良,1,5,,衆議院,391.jpg,
真山 祐一,,まやま ゆういち,公明,比例,東北,1,,衆議院,390.jpg,
丸山 穂高,,まるやま ほだか,維新,大阪,19,2,,衆議院,411.jpg,
三ッ林 裕巳,,みつばやし ひろみ,自民,埼玉,14,2,,衆議院,412.jpg,
三ッ矢 憲生,,みつや のりお,自民,三重,5,5,,衆議院,413.jpg,
水戸 将史,,みと まさし,維新,比例,南関東,1,1,衆議院,415.jpg,
御法川 信英,,みのりかわ のぶひで,自民,秋田,3,4,,衆議院,416.jpg,
三原 朝彦,,みはら あさひこ,自民,福岡,9,7,,衆議院,414.jpg,
宮内 秀樹,,みやうち ひでき,自民,福岡,4,2,,衆議院,417.jpg,
宮川 典子,,みやがわ のりこ,自民,比例,南関東,2,,衆議院,418.jpg,
宮腰 光寛,,みやこし みつひろ,自民,富山,2,7,,衆議院,419.jpg,
宮崎 謙介,,みやざき けんすけ,自民,京都,3,2,,衆議院,420.jpg,
宮崎 岳志,,みやざき たけし,民主,比例,北関東,2,,衆議院,421.jpg,
宮崎 政久,,みやざき まさひさ,自民,比例,九州,2,,衆議院,422.jpg,
宮澤 博行,,みやざわ ひろゆき,自民,静岡,3,2,,衆議院,423.jpg,
宮路 拓馬,,みやじ たくま,自民,比例,九州,1,,衆議院,424.jpg,
宮下 一郎,,みやした いちろう,自民,長野,5,4,,衆議院,425.jpg,
宮本 岳志,,みやもと たけし,共産,比例,近畿,3,1,衆議院,426.jpg,
宮本 徹,,みやもと とおる,共産,比例,東京都,1,,衆議院,427.jpg,
務台 俊介,,むたい しゅんすけ,自民,長野,2,2,,衆議院,430.jpg,
武藤 貴也,,むとう たかや,無,滋賀,4,2,,衆議院,428.jpg,
武藤 容治,,むとう ようじ,自民,岐阜,3,3,,衆議院,429.jpg,
宗清 皇一,,むねきよ こういち,自民,大阪,13,1,,衆議院,431.jpg,
村井 英樹,,むらい ひでき,自民,埼玉,1,2,,衆議院,432.jpg,
村岡 敏英,,むらおか としひで,維新,比例,東北,2,,衆議院,433.jpg,
村上 誠一郎,,むらかみ せいいちろう,自民,愛媛,2,10,,衆議院,434.jpg,
望月 義夫,,もちづき よしお,自民,静岡,4,7,,衆議院,435.jpg,
茂木 敏充,,もてぎ としみつ,自民,栃木,5,8,,衆議院,436.jpg,
本村 賢太郎,,もとむら けんたろう,民主,比例,南関東,2,,衆議院,437.jpg,
本村 伸子,,もとむら のぶこ,共産,比例,東海,1,,衆議院,438.jpg,
森 英介,,もり えいすけ,自民,千葉,11,9,,衆議院,440.jpg,
森山 裕,,もりやま ひろし,自民,鹿児島,5,5,1,衆議院,441.jpg,
盛山 正仁,,もりやま まさひと,自民,比例,近畿,3,,衆議院,439.jpg,
八木 哲也,,やぎ てつや,自民,比例,東海,2,,衆議院,442.jpg,
保岡 興治,,やすおか おきはる,自民,鹿児島,1,13,,衆議院,443.jpg,
簗 和生,,やな かずお,自民,栃木,3,2,,衆議院,444.jpg,
山尾 志桜里,,やまお しおり,民主,愛知,7,2,,衆議院,445.jpg,
山際 大志郎,,やまぎわ だいしろう,自民,神奈川,18,4,,衆議院,446.jpg,
山口 俊一,,やまぐち しゅんいち,自民,徳島,2,9,,衆議院,447.jpg,
山口 泰明,,やまぐち たいめい,自民,埼玉,10,6,,衆議院,448.jpg,
山口 壯,,やまぐち つよし,自民,兵庫,12,5,,衆議院,449.jpg,
山下 貴司,,やました たかし,自民,岡山,2,2,,衆議院,450.jpg,
山田 賢司,,やまだ けんじ,自民,兵庫,7,2,,衆議院,451.jpg,
山田 美樹,,やまだ みき,自民,東京,1,2,,衆議院,452.jpg,
山井 和則,,やまのい かずのり,民主,京都,6,6,,衆議院,453.jpg,
山本 公一,,やまもと こういち,自民,愛媛,4,8,,衆議院,454.jpg,
山本 幸三,,やまもと こうぞう,自民,福岡,10,7,,衆議院,455.jpg,
山本 拓,,やまもと たく,自民,比例,北陸信越,7,,衆議院,456.jpg,
山本ともひろ,,やまもと ともひろ,自民,比例,南関東,3,,衆議院,457.jpg,
山本 有二,,やまもと ゆうじ,自民,高知,2,9,,衆議院,458.jpg,
柚木 道義,,ゆのき みちよし,民主,比例,中国,4,,衆議院,459.jpg,
横路 孝弘,,よこみち たかひろ,民主,北海道,1,12,,衆議院,460.jpg,
横山 博幸,,よこやま ひろゆき,維新,比例,四国,1,,衆議院,461.jpg,
義家 弘介,,よしいえ ひろゆき,自民,比例,南関東,2,1,衆議院,468.jpg,
吉川 貴盛,,よしかわ たかもり,自民,北海道,2,5,,衆議院,462.jpg,
吉川 元,,よしかわ はじめ,社民,比例,九州,2,,衆議院,463.jpg,
吉田 豊史,,よしだ とよふみ,維新,比例,北陸信越,1,,衆議院,464.jpg,
吉田 宣弘,,よしだ のぶひろ,公明,比例,九州,1,,衆議院,465.jpg,
吉野 正芳,,よしの まさよし,自民,福島,5,6,,衆議院,466.jpg,
笠 浩史,,りゅう ひろふみ,民主,神奈川,9,5,,衆議院,469.jpg,
若狭 勝,,わかさ まさる,自民,比例,東京都,1,,衆議院,470.jpg,
若宮 健嗣,,わかみや けんじ,自民,東京,5,3,,衆議院,471.jpg,
鷲尾 英一郎,,わしお えいいちろう,民主,比例,北陸信越,4,,衆議院,472.jpg,
渡辺 孝一,,わたなべ こういち,自民,比例,北海道,2,,衆議院,473.jpg,
渡辺 周,,わたなべ しゅう,民主,静岡,6,7,,衆議院,474.jpg,
渡辺 博道,,わたなべ ひろみち,自民,千葉,6,6,,衆議院,475.jpg,
アントニオ 猪木,猪木 寛至,あんとにお いのき,元気,比例,,,,参議院,,
足立 信也,,あだち しんや,民主,大分,,,,参議院,,
阿達 雅志,,あだち まさし,自民,比例,,,,参議院,,
相原 久美子,,あいはら くみこ,民主,比例,,,,参議院,,
愛知 治郎,,あいち じろう,自民,宮城,,,,参議院,,
青木 一彦,,あおき かずひこ,自民,島根,,,,参議院,,
赤池 誠章,,あかいけ まさあき,自民,比例,,,,参議院,,
赤石 清美,,あかいし きよみ,自民,比例,,,,参議院,,
秋野 公造,,あきの こうぞう,公明,比例,,,,参議院,,
東  徹,,あずま とおる,維新,大阪,,,,参議院,,
荒井 広幸,,あらい ひろゆき,改革,比例,,,,参議院,,
荒木 清寛,,あらき きよひろ,公明,比例,,,,参議院,,
有田 芳生,,ありた よしふ,民主,比例,,,,参議院,,
有村 治子,,ありむら はるこ,自民,比例,,,,参議院,,
井上 哲士,,いのうえ さとし,共産,比例,,,,参議院,,
井上 義行,,いのうえ よしゆき,元気,比例,,,,参議院,,
井原  巧,,いはら たくみ,自民,愛媛,,,,参議院,,
石井 準一,,いしい じゅんいち,自民,千葉,,,,参議院,,
石井 浩郎,,いしい ひろお,自民,秋田,,,,参議院,,
石井 正弘,,いしい まさひろ,自民,岡山,,,,参議院,,
石井 みどり,,いしい みどり,自民,比例,,,,参議院,,
石上 俊雄,,いしがみ としお,民主,比例,,,,参議院,,
石川 博崇,,いしかわ ひろたか,公明,大阪,,,,参議院,,
石田 昌宏,,いしだ まさひろ,自民,比例,,,,参議院,,
石橋 通宏,,いしばし みちひろ,民主,比例,,,,参議院,,
磯崎 仁彦,,いそざき よしひこ,自民,香川,,,,参議院,,
礒崎 哲史,,いそざき てつじ,民主,比例,,,,参議院,,
礒崎 陽輔,,いそざき ようすけ,自民,大分,,,,参議院,,
市田 忠義,,いちだ ただよし,共産,比例,,,,参議院,,
糸数 慶子,,いとかず けいこ,無所属,沖縄,,,,参議院,,
猪口 邦子,,いのぐち くにこ,自民,千葉,,,,参議院,,
岩井 茂樹,,いわい しげき,自民,静岡,,,,参議院,,
岩城 光英,,いわき みつひで,自民,福島,,,,参議院,,
宇都 隆史,,うと たかし,自民,比例,,,,参議院,,
上野 通子,,うえの みちこ,自民,栃木,,,,参議院,,
魚住 裕一郎,,うおずみ ゆういちろう,公明,比例,,,,参議院,,
江口 克彦,,えぐち かつひこ,次代,比例,,,,参議院,,
江崎  孝,,えさき たかし,民主,比例,,,,参議院,,
江島  潔,,えじま きよし,自民,山口,,,,参議院,,
江田 五月,,えだ さつき,民主,岡山,,,,参議院,,
衛藤 晟一,,えとう せいいち,自民,比例,,,,参議院,,
小川 勝也,,おがわ かつや,民主,北海道,,,,参議院,,
小川 敏夫,,おがわ としお,民主,東京,,,,参議院,,
小野 次郎,,おの じろう,維参,比例,,,,参議院,,
尾立 源幸,,おだち もとゆき,民主,大阪,,,,参議院,,
尾辻 秀久,,おつじ ひでひさ,自民,鹿児島,,,,参議院,,
大家 敏志,,おおいえ さとし,自民,福岡,,,,参議院,,
大久保 勉,,おおくぼ つとむ,民主,福岡,,,,参議院,,
大島 九州男,,おおしま くすお,民主,比例,,,,参議院,,
大塚 耕平,,おおつか こうへい,民主,愛知,,,,参議院,,
大沼 みずほ,亀 瑞穂,おおぬま みずほ,自民,山形,,,,参議院,,
大野 元裕,,おおの もとひろ,民主,埼玉,,,,参議院,,
大野 泰正,,おおの やすただ,自民,岐阜,,,,参議院,,
太田 房江,齊藤 房江,おおた ふさえ,自民,比例,,,,参議院,,
岡田 直樹,,おかだ なおき,自民,石川,,,,参議院,,
岡田  広,,おかだ ひろし,自民,茨城,,,,参議院,,
加藤 敏幸,,かとう としゆき,民主,比例,,,,参議院,,
風間 直樹,,かざま なおき,民主,新潟,,,,参議院,,
片山 さつき,,かたやま さつき,自民,比例,,,,参議院,,
片山 虎之助,,かたやま とらのすけ,維新,比例,,,,参議院,,
金子 原二郎,,かねこ げんじろう,自民,長崎,,,,参議院,,
金子 洋一,,かねこ よういち,民主,神奈川,,,,参議院,,
神本 美恵子,,かみもと みえこ,民主,比例,,,,参議院,,
紙  智子,内山 智子,かみ ともこ,共産,比例,,,,参議院,,
川田 龍平,,かわだ りゅうへい,維参,比例,,,,参議院,,
河野 義博,,かわの よしひろ,公明,比例,,,,参議院,,
木村 義雄,,きむら よしお,自民,比例,,,,参議院,,
吉良 よし子,吉良 佳子,きら よしこ,共産,東京,,,,参議院,,
儀間 光男,,ぎま みつお,維新,比例,,,,参議院,,
岸  宏一,,きし こういち,自民,山形,,,,参議院,,
北川 イッセイ,北川 一成,きたがわ いっせい,自民,大阪,,,,参議院,,
北澤 俊美,,きたざわ としみ,民主,長野,,,,参議院,,
北村 経夫,,きたむら つねお,自民,比例,,,,参議院,,
熊谷  大,,くまがい ゆたか,自民,宮城,,,,参議院,,
倉林 明子,,くらばやし あきこ,共産,京都,,,,参議院,,
郡司  彰,,ぐんじ あきら,民主,茨城,,,,参議院,,
小池  晃,,こいけ あきら,共産,比例,,,,参議院,,
小泉 昭男,,こいずみ あきお,自民,神奈川,,,,参議院,,
小坂 憲次,,こさか けんじ,自民,比例,,,,参議院,,
小西 洋之,,こにし ひろゆき,民主,千葉,,,,参議院,,
小林 正夫,,こばやし まさお,民主,比例,,,,参議院,,
小見山 幸治,,こみやま よしはる,民主,岐阜,,,,参議院,,
古賀 友一郎,,こが ゆういちろう,自民,長崎,,,,参議院,,
上月 良祐,,こうづき りょうすけ,自民,茨城,,,,参議院,,
行田 邦子,山崎 邦子,こうだ くにこ,元気,埼玉,,,,参議院,,
鴻池 祥肇,,こうのいけ よしただ,自民,兵庫,,,,参議院,,
輿石  東,,こしいし あずま,無所属,山梨,,,,参議院,,
佐々木 さやか,,ささき さやか,公明,神奈川,,,,参議院,,
佐藤 信秋,,さとう のぶあき,自民,比例,,,,参議院,,
佐藤 正久,,さとう まさひさ,自民,比例,,,,参議院,,
斎藤 嘉隆,,さいとう よしたか,民主,愛知,,,,参議院,,
酒井 庸行,,さかい やすゆき,自民,愛知,,,,参議院,,
櫻井  充,,さくらい みつる,民主,宮城,,,,参議院,,
山東 昭子,,さんとう あきこ,自民,比例,,,,参議院,,
清水 貴之,,しみず たかゆき,維新,兵庫,,,,参議院,,
芝  博一,,しば ひろかず,民主,三重,,,,参議院,,
柴田  巧,,しばた たくみ,維参,比例,,,,参議院,,
島尻 安伊子,,しまじり あいこ,自民,沖縄,,,,参議院,,
島田 三郎,,しまだ さぶろう,自民,島根,,,,参議院,,
島村  大,,しまむら だい,自民,神奈川,,,,参議院,,
主濱  了,,しゅはま りょう,生活,岩手,,,,参議院,,
榛葉 賀津也,,しんば かづや,民主,静岡,,,,参議院,,
末松 信介,,すえまつ しんすけ,自民,兵庫,,,,参議院,,
杉  久武,,すぎ ひさたけ,公明,大阪,,,,参議院,,
世耕 弘成,,せこう ひろしげ,自民,和歌山,,,,参議院,,
関口 昌一,,せきぐち まさかず,自民,埼玉,,,,参議院,,
田城  郁,,たしろ かおる,民主,比例,,,,参議院,,
田中  茂,,たなか しげる,元気,比例,,,,参議院,,
田中 直紀,,たなか なおき,民主,新潟,,,,参議院,,
田村 智子,,たむら ともこ,共産,比例,,,,参議院,,
伊達 忠一,,だて ちゅういち,自民,北海道,,,,参議院,,
大門 実紀史,,だいもん みきし,共産,比例,,,,参議院,,
高階 恵美子,,たかがい えみこ,自民,比例,,,,参議院,,
高野 光二郎,,たかの こうじろう,自民,高知,,,,参議院,,
高橋 克法,,たかはし かつのり,自民,栃木,,,,参議院,,
滝沢  求,,たきさわ もとめ,自民,青森,,,,参議院,,
滝波 宏文,,たきなみ ひろふみ,自民,福井,,,,参議院,,
竹谷 とし子,菊地 とし子,たけや としこ,公明,東京,,,,参議院,,
武見 敬三,,たけみ けいぞう,自民,東京,,,,参議院,,
辰巳 孝太郎,,たつみ こうたろう,共産,大阪,,,,参議院,,
谷  亮子,,たに りょうこ,生活,比例,,,,参議院,,
谷合 正明,,たにあい まさあき,公明,比例,,,,参議院,,
柘植 芳文,,つげ よしふみ,自民,比例,,,,参議院,,
津田 弥太郎,,つだ やたろう,民主,比例,,,,参議院,,
塚田 一郎,,つかだ いちろう,自民,新潟,,,,参議院,,
鶴保 庸介,,つるほ ようすけ,自民,和歌山,,,,参議院,,
寺田 典城,,てらた すけしろ,維参,比例,,,,参議院,, 
堂故  茂,,どうこ しげる,自民,富山,,,,参議院,,
徳永 エリ,鈴木 エリ,とくなが えり,民主,北海道,,,,参議院,,
豊田 俊郎,,とよだ としろう,自民,千葉,,,,参議院,,
那谷屋 正義,,なたにや まさよし,民主,比例,,,,参議院,,
直嶋 正行,,なおしま まさゆき,民主,比例,,,,参議院,,
中泉 松司,,なかいずみ まつじ,自民,秋田,,,,参議院,,
中川 雅治,,なかがわ まさはる,自民,東京,,,,参議院,,
中曽根 弘文,,なかそね ひろふみ,自民,群馬,,,,参議院,,
中西 健治,,なかにし けんじ,無ク,神奈川,,,,参議院,,
中西 祐介,,なかにし ゆうすけ,自民,徳島,,,,参議院,,
中野 正志,,なかの まさし,次代,比例,,,,参議院,,
中原 八一,,なかはら やいち,自民,新潟,,,,参議院,,
中山 恭子,,なかやま きょうこ,次代,比例,,,,参議院,,
長沢 広明,,ながさわ ひろあき,公明,比例,,,,参議院,,
長浜 博行,,ながはま ひろゆき,民主,千葉,,,,参議院,,
長峯  誠,,ながみね まこと,自民,宮崎,,,,参議院,,
難波 奨二,,なんば しょうじ,民主,比例,,,,参議院,,
二之湯 智,,にのゆ さとし,自民,京都,,,,参議院,,
二之湯 武史,,にのゆ たけし,自民,滋賀,,,,参議院,,
仁比 聡平,,にひ そうへい,共産,比例,,,,参議院,,
新妻 秀規,,にいづま ひでき,公明,比例,,,,参議院,,
西田 昌司,,にしだ しょうじ,自民,京都,,,,参議院,,
西田 実仁,,にしだ まこと,公明,埼玉,,,,参議院,,
西村 まさみ,山本 正美,にしむら まさみ,民主,比例,,,,参議院,,
野上 浩太郎,,のがみ こうたろう,自民,富山,,,,参議院,,
野田 国義,,のだ くによし,民主,福岡,,,,参議院,,
野村 哲郎,,のむら てつろう,自民,鹿児島,,,,参議院,,
羽田 雄一郎,,はた ゆういちろう,民主,長野,,,,参議院,,
羽生田 俊,,はにゅうだ たかし,自民,比例,,,,参議院,,
長谷川 岳,,はせがわ がく,自民,北海道,,,,参議院,,
馬場 成志,,ばば せいし,自民,熊本,,,,参議院,,
白  眞勲,,はく しんくん,民主,比例,,,,参議院,,
橋本 聖子,石崎 聖子,はしもと せいこ,自民,比例,,,,参議院,,
浜田 和幸,,はまだ かずゆき,次代,鳥取,,,,参議院,,
浜田 昌良,,はまだ まさよし,公明,比例,,,,参議院,,
浜野 喜史,,はまの よしふみ,民主,比例,,,,参議院,,
林 久美子,世耕 久美子,はやし くみこ,民主,滋賀,,,,参議院,,
林  芳正,,はやし よしまさ,自民,山口,,,,参議院,,
平木 大作,,ひらき だいさく,公明,比例,,,,参議院,,
平野 達男,,ひらの たつお,改革,岩手,,,,参議院,,
広田  一,,ひろた はじめ,民主,高知,,,,参議院,,
福岡 資麿,,ふくおか たかまろ,自民,佐賀,,,,参議院,,
福島 みずほ,福島 瑞穂,ふくしま みずほ,社民,比例,,,,参議院,,
福山 哲郎,,ふくやま てつろう,民主,京都,,,,参議院,,
藤井 基之,,ふじい もとゆき,自民,比例,,,,参議院,,
藤川 政人,,ふじかわ まさひと,自民,愛知,,,,参議院,,
藤末 健三,,ふじすえ けんぞう,民主,比例,,,,参議院,,
藤田 幸久,,ふじた ゆきひさ,民主,茨城,,,,参議院,,
藤巻 健史,,ふじまき たけし,維新,比例,,,,参議院,,
藤本 祐司,,ふじもと ゆうじ,民主,静岡,,,,参議院,,
古川 俊治,,ふるかわ としはる,自民,埼玉,,,,参議院,,
堀井  巌,,ほりい いわお,自民,奈良,,,,参議院,,
堀内 恒夫,,ほりうち つねお,自民,比例,,,,参議院,,
真山 勇一,,まやま ゆういち,維参,比例,,,,参議院,,
舞立 昇治,,まいたち しょうじ,自民,鳥取,,,,参議院,,
前川 清成,,まえかわ きよしげ,民主,奈良,,,,参議院,,
前田 武志,,まえだ たけし,民主,比例,,,,参議院,,
牧野 たかお,牧野 京夫,まきの たかお,自民,静岡,,,,参議院,,
牧山 ひろえ,牧山 弘惠,まきやま ひろえ,民主,神奈川,,,,参議院,,
増子 輝彦,,ましこ てるひこ,民主,福島,,,,参議院,,
又市 征治,,またいち せいじ,社民,比例,,,,参議院,,
松沢 成文,,まつざわ しげふみ,無所属,神奈川,,,,参議院,,
松下 新平,,まつした しんぺい,自民,宮崎,,,,参議院,,
松田 公太,,まつだ こうた,元気,東京,,,,参議院,,
松村 祥史,,まつむら よしふみ,自民,熊本,,,,参議院,,
松山 政司,,まつやま まさじ,自民,福岡,,,,参議院,,
丸川 珠代,大塚 珠代,まるかわ たまよ,自民,東京,,,,参議院,,
丸山 和也,,まるやま かずや,自民,比例,,,,参議院,,
三木  亨,,みき とおる,自民,徳島,,,,参議院,,
三原 じゅん子,三原 順子,みはら じゅんこ,自民,比例,,,,参議院,,
三宅 伸吾,,みやけ しんご,自民,香川,,,,参議院,,
水岡 俊一,,みずおか しゅんいち,民主,兵庫,,,,参議院,,
水落 敏栄,,みずおち としえい,自民,比例,,,,参議院,,
水野 賢一,,みずの けんいち,無ク,千葉,,,,参議院,,
溝手 顕正,,みぞて けんせい,自民,広島,,,,参議院,,
宮沢 洋一,,みやざわ よういち,自民,広島,,,,参議院,,
宮本 周司,,みやもと しゅうじ,自民,比例,,,,参議院,,
室井 邦彦,,むろい くにひこ,維新,比例,,,,参議院,, 
森 まさこ,三好 雅子,もり まさこ,自民,福島,,,,参議院,,
森本 真治,,もりもと しんじ,民主,広島,,,,参議院,,
森屋  宏,,もりや ひろし,自民,山梨,,,,参議院,,
矢倉 克夫,,やくら かつお,公明,埼玉,,,,参議院,,
薬師寺 みちよ,齋藤 道代,やくしじ みちよ,無ク,愛知,,,,参議院,,
安井 美沙子,,やすい みさこ,民主,愛知,,,,参議院,,
柳澤 光美,,やなぎさわ みつよし,民主,比例,,,,参議院,,
柳田  稔,,やなぎだ みのる,民主,広島,,,,参議院,,
柳本 卓治,,やなぎもと たくじ,自民,大阪,,,,参議院,,
山口 和之,,やまぐち かずゆき,元気,比例,,,,参議院,,
山口 那津男,,やまぐち なつお,公明,東京,,,,参議院,,
山崎  力,,やまざき つとむ,自民,青森,,,,参議院,,
山崎 正昭,,やまざき まさあき,無所属,福井,,,,参議院,,
山下 雄平,,やました ゆうへい,自民,佐賀,,,,参議院,,
山下 芳生,,やました よしき,共産,比例,,,,参議院,,
山田 修路,,やまだ しゅうじ,自民,石川,,,,参議院,,
山田 太郎,,やまだ たろう,元気,比例,,,,参議院,,
山田 俊男,,やまだ としお,自民,比例,,,,参議院,,
山谷 えり子,小川 惠里子,やまたに えりこ,自民,比例,,,,参議院,,
山本 一太,,やまもと いちた,自民,群馬,,,,参議院,,
山本 香苗,池田 香苗,やまもと かなえ,公明,比例,,,,参議院,,
山本 順三,,やまもと じゅんぞう,自民,愛媛,,,,参議院,,
山本 太郎,,やまもと たろう,生活,東京,,,,参議院,,
山本 博司,,やまもと ひろし,公明,比例,,,,参議院,,
横山 信一,,よこやま しんいち,公明,比例,,,,参議院,,
吉川 沙織,,よしかわ さおり,民主,比例,,,,参議院,,
吉川 ゆうみ,吉川 有美,よしかわ ゆうみ,自民,三重,,,,参議院,,
吉田 忠智,,よしだ ただとも,社民,比例,,,,参議院,,
吉田 博美,,よしだ ひろみ,自民,長野,,,,参議院,,
蓮舫,村田 蓮舫,れんほう,民主,東京,,,,参議院,,
和田 政宗,,わだ まさむね,次代,宮城,,,,参議院,,
若林 健太,,わかばやし けんた,自民,長野,,,,参議院,,
若松 謙維,,わかまつ かねしげ,公明,比例,,,,参議院,,
脇  雅史,,わき まさし,無所属,比例,,,,参議院,,
渡辺 猛之,,わたなべ たけゆき,自民,岐阜,,,,参議院,,
渡辺 美知太郎,,わたなべ みちたろう,無ク,比例,,,,参議院,,
渡邉 美樹,,わたなべ みき,自民,比例,,,,参議院,,